iter	Logloss
0	0.4679904404
1	0.4622041283
